order_date,order_id,total_orders,daily_revenue
2026-06-25,101,1,3400.00
2026-06-28,103,1,1700.00
2026-06-29,104,1,4399.00
2026-06-29,105,1,630.00
2026-07-01,107,1,600.00
2026-07-02,108,1,1066.00
2026-07-03,109,1,3020.00
2026-07-04,110,1,3199.00
2026-07-10,112,1,1800.00
2026-07-11,113,1,1260.00
2026-07-22,114,1,1450.00
2026-07-25,115,1,6400.00
2026-08-04,116,1,3330.00
2026-08-05,117,1,500.00
2026-08-06,118,1,15550.00
2026-08-07,119,1,1132.00
2026-08-07,120,1,19619.00
2026-08-08,121,1,6398.00
2026-08-08,122,1,300.00
2026-08-10,123,1,3200.00
2026-08-11,124,1,630.00
2026-08-15,125,1,3200.00
2026-08-17,126,1,570.00
2026-08-22,127,1,1890.00
2026-08-25,128,1,1200.00
2026-08-28,129,1,15500.00
2026-08-28,130,1,1980.00
2026-08-29,131,1,12500.00
2026-08-29,132,1,850.00
2026-08-30,133,1,1200.00
