Customer_name,City,total_orders,units_sold,total_spent
Suriya,Coimbatore,2,3,21948.00
Vijay,Bangalore,1,3,19619.00
Harris,Chennai,1,1,15500.00
John,Kochi,1,1,12500.00
Ryan,Trichy,1,2,6400.00
Kevin,Bangalore,2,5,5465.00
Prabha,Bangalore,2,5,4910.00
Anto,Bangalore,2,4,4780.00
Veena,Bangalore,2,2,3830.00
Jesu,Bangalore,2,3,3699.00
Michael,Mysore,1,3,3400.00
David,Mumbai,1,1,3200.00
Madhusudhan,Mysore,2,2,2050.00
Sandhya,Bangalore,1,2,1980.00
Trineta,Chennai,2,3,1890.00
Adam,Kochi,1,3,1800.00
Tony,Hyderabad,1,3,1700.00
Raghu,Pune,1,1,1200.00
Karthik,Coimbatore,1,2,1132.00
Karan,Hyderabad,2,2,870.00
Peter,Mysore,1,2,600.00
